<?xml version="1.0" encoding="UTF-8"?>
<beans xmlns="http://www.springframework.org/schema/beans"
       xmlns:xsi="http://www.w3.org/2001/XMLSchema-instance"
       xmlns:context="http://www.springframework.org/schema/context"
       xmlns:mvc="http://www.springframework.org/schema/mvc"
       xsi:schemaLocation="http://www.springframework.org/schema/beans http://www.springframework.org/schema/beans/spring-beans.xsd http://www.springframework.org/schema/context https://www.springframework.org/schema/context/spring-context.xsd http://www.springframework.org/schema/mvc https://www.springframework.org/schema/mvc/spring-mvc.xsd">
    <!--配置只扫描controller注释-->
    <context:component-scan base-package="com.zhj" use-default-filters="false">
        <context:include-filter type="annotation"
                                expression="org.springframework.stereotype.Controller"></context:include-filter>
    </context:component-scan>
    <!--配置视图解析器-->
    <bean class="org.springframework.web.servlet.view.InternalResourceViewResolver">
        <property name="prefix" value="/WEB-INF/views/"></property>
        <property name="suffix" value=".jsp"></property>
    </bean>
    <!--将springmvc不能处理的请求给handler-->
    <mvc:default-servlet-handler/>
    <!--支持springmvc更高级功能，jsr303校验，快捷的Ajax，映射动态请求-->
    <mvc:annotation-driven></mvc:annotation-driven>
</beans>