<?xml version="1.0" encoding="UTF-8"?>
<!DOCTYPE generatorConfiguration
        PUBLIC "-//mybatis.org//DTD MyBatis Generator Configuration 1.0//EN"
        "http://mybatis.org/dtd/mybatis-generator-config_1_0.dtd">

<generatorConfiguration>
    <context id="DB2Tables" targetRuntime="MyBatis3">

        <commentGenerator>
            <property name="suppressAllComments" value="true"></property>
        </commentGenerator>

        <!--配置数据库连接信息-->
        <jdbcConnection driverClass="com.mysql.jdbc.Driver"
                        connectionURL="jdbc:mysql:///mydb"
                        userId="root"
                        password="0507">
        </jdbcConnection>

        <javaTypeResolver>
            <property name="forceBigDecimals" value="false"/>
        </javaTypeResolver>

        <!--指定javabean生成位置-->
        <javaModelGenerator
                targetPackage="com.zhj.pojo"
                targetProject="D:\IDEA2017\workspace\ssm\ssm02\src\main\java">
            <property name="enableSubPackages" value="true"/>
            <property name="trimStrings" value="true"/>
        </javaModelGenerator>

        <!--指定sql映射文件生成的位置-->
        <sqlMapGenerator targetPackage="mappers" targetProject="D:\IDEA2017\workspace\ssm\ssm02\src\main\resources">
            <property name="enableSubPackages" value="true"/>
        </sqlMapGenerator>

        <!--指定dao接口生成的位置-->
        <javaClientGenerator type="XMLMAPPER" targetPackage="com.zhj.dao" targetProject="D:\IDEA2017\workspace\ssm\ssm02\src\main\java">
            <property name="enableSubPackages" value="true"/>
        </javaClientGenerator>

        <!--指定每个表生产策略-->
        <table tableName="t_emp" domainObjectName="Employee"></table>
        <table tableName="t_dept" domainObjectName="Department"></table>
    </context>
</generatorConfiguration>